product_id,category,brand,product_name,product_description
1729577572380084437,"‡∏ä‡∏∏‡∏î‡∏™‡∏Å‡∏¥‡∏ô‡πÅ‡∏Ñ‡∏£‡πå (601611)","D Plus Skin (7197576490450552581)","‡∏™‡∏π‡∏ï‡∏£‡∏™‡∏¥‡∏ß! ‡∏Ñ‡∏£‡∏µ‡∏°‡∏ã‡∏≠‡∏á‡∏î‡∏µ‡∏û‡∏•‡∏±‡∏™‡∏™‡∏π‡∏ï‡∏£ gluta ‡πÅ‡∏•‡∏∞ bifida ‡∏™‡∏≥‡∏´‡∏£‡∏±‡∏ö‡∏î‡∏π‡πÅ‡∏•‡πÉ‡∏ö‡∏´‡∏ô‡πâ‡∏≤","<h2 style=""text-align: left;"">‡∏£‡∏≤‡∏¢‡∏•‡∏∞‡πÄ‡∏≠‡∏µ‡∏¢‡∏î‡∏ú‡∏•‡∏¥‡∏ï‡∏†‡∏±‡∏ì‡∏ë‡πå (Description)</h2><p><strong>GLUTA SERUM VITAMIN C PLUS & D PLUS BIFIDA CREAM PLUS</strong></p><p>‡∏Ñ‡∏£‡∏µ‡∏°‡∏ã‡∏≠‡∏á‡∏™‡∏π‡∏ï‡∏£ 2 in 1 ‡∏ó‡∏µ‡πà‡∏≠‡∏≠‡∏Å‡πÅ‡∏ö‡∏ö‡∏°‡∏≤‡πÄ‡∏û‡∏∑‡πà‡∏≠‡∏Å‡∏≤‡∏£‡∏î‡∏π‡πÅ‡∏•‡∏ú‡∏¥‡∏ß‡πÅ‡∏ö‡∏ö‡∏Ñ‡∏£‡∏ö‡∏Ç‡∏±‡πâ‡∏ô‡∏ï‡∏≠‡∏ô‡πÉ‡∏ô‡∏ã‡∏≠‡∏á‡πÄ‡∏î‡∏µ‡∏¢‡∏ß ‡∏ú‡∏™‡∏≤‡∏ô‡∏Å‡∏≤‡∏£‡∏ö‡∏≥‡∏£‡∏∏‡∏á‡∏à‡∏≤‡∏Å‡πÄ‡∏ã‡∏£‡∏±‡πà‡∏°‡πÅ‡∏•‡∏∞‡∏Ñ‡∏£‡∏µ‡∏° ‡πÄ‡∏û‡∏∑‡πà‡∏≠‡∏Å‡∏≤‡∏£‡∏î‡∏π‡πÅ‡∏•‡∏ú‡∏¥‡∏ß‡∏≠‡∏¢‡πà‡∏≤‡∏á‡∏™‡∏°‡∏î‡∏∏‡∏• ‡πÄ‡∏´‡∏°‡∏≤‡∏∞‡∏Å‡∏±‡∏ö‡∏Å‡∏≤‡∏£‡πÉ‡∏ä‡πâ‡πÉ‡∏ô‡∏ä‡∏µ‡∏ß‡∏¥‡∏ï‡∏õ‡∏£‡∏∞‡∏à‡∏≥‡∏ß‡∏±‡∏ô</p>"
1729658950709577941,"‡∏≠‡∏≤‡∏´‡∏≤‡∏£‡πÄ‡∏™‡∏£‡∏¥‡∏°‡πÄ‡∏û‡∏∑‡πà‡∏≠‡∏™‡∏∏‡∏Ç‡∏†‡∏≤‡∏û (700650)","D plus care Brand (7187839097254446853)","D PLUS SKIN - Syn Balance ‡∏ú‡∏á‡∏ú‡∏±‡∏Å probiotics ‡∏õ‡πâ‡∏≠‡∏á‡∏Å‡∏±‡∏ô‡πÅ‡∏•‡∏∞‡πÄ‡∏™‡∏£‡∏¥‡∏°‡∏™‡∏£‡πâ‡∏≤‡∏á‡∏™‡∏∏‡∏Ç‡∏†‡∏≤‡∏û‡∏£‡πà‡∏≤‡∏á‡∏Å‡∏≤‡∏¢‡πÅ‡∏•‡∏∞‡∏™‡∏∏‡∏Ç‡∏†‡∏≤‡∏û‡∏™‡∏°‡∏≠‡∏á","<h1 style=""text-align: left;"">‡∏£‡∏≤‡∏¢‡∏•‡∏∞‡πÄ‡∏≠‡∏µ‡∏¢‡∏î‡∏ú‡∏•‡∏¥‡∏ï‡∏†‡∏±‡∏ì‡∏ë‡πå (Description)</h1><p><strong>Syn Balance (‡∏ú‡∏•‡∏¥‡∏ï‡∏†‡∏±‡∏ì‡∏ë‡πå‡πÄ‡∏™‡∏£‡∏¥‡∏°‡∏≠‡∏≤‡∏´‡∏≤‡∏£)</strong><br>Syn Balance ‡∏Ñ‡∏∑‡∏≠‡∏ú‡∏•‡∏¥‡∏ï‡∏†‡∏±‡∏ì‡∏ë‡πå‡πÄ‡∏™‡∏£‡∏¥‡∏°‡∏≠‡∏≤‡∏´‡∏≤‡∏£‡∏ó‡∏µ‡πà‡∏≠‡∏≠‡∏Å‡πÅ‡∏ö‡∏ö‡∏°‡∏≤‡πÄ‡∏û‡∏∑‡πà‡∏≠‡∏Å‡∏≤‡∏£‡∏î‡∏π‡πÅ‡∏•‡∏£‡πà‡∏≤‡∏á‡∏Å‡∏≤‡∏¢‡∏à‡∏≤‡∏Å‡∏†‡∏≤‡∏¢‡πÉ‡∏ô ‡∏†‡∏≤‡∏¢‡πÉ‡∏ï‡πâ‡πÅ‡∏ô‡∏ß‡∏Ñ‡∏¥‡∏î‡∏Å‡∏≤‡∏£‡∏î‡∏π‡πÅ‡∏• ‚Äú‡∏™‡∏°‡∏î‡∏∏‡∏•‡∏Ç‡∏≠‡∏á‡∏£‡∏∞‡∏ö‡∏ö‡∏†‡∏≤‡∏¢‡πÉ‡∏ô‚Äù ‡πÉ‡∏´‡πâ‡∏™‡∏≠‡∏î‡∏Ñ‡∏•‡πâ‡∏≠‡∏á‡∏Å‡∏±‡∏ö‡πÑ‡∏•‡∏ü‡πå‡∏™‡πÑ‡∏ï‡∏•‡πå‡πÉ‡∏ô‡∏ä‡∏µ‡∏ß‡∏¥‡∏ï‡∏õ‡∏£‡∏∞‡∏à‡∏≥‡∏ß‡∏±‡∏ô</p>"
1731279959213902037,"‡∏≠‡∏≤‡∏´‡∏≤‡∏£‡πÄ‡∏™‡∏£‡∏¥‡∏°‡πÄ‡∏û‡∏∑‡πà‡∏≠‡∏™‡∏∏‡∏Ç‡∏†‡∏≤‡∏û (700650)","D plus care Brand (7187839097254446853)","D PLUS SKIN - Syn Balance ‡∏ú‡∏á‡∏ú‡∏±‡∏Å probiotics 3‡∏Å‡∏•‡πà‡∏≠‡∏á ‡∏ã‡∏≠‡∏á‡πÉ‡∏ô‡∏Å‡∏•‡πà‡∏≠‡∏á ‡∏õ‡πâ‡∏≠‡∏á‡∏Å‡∏±‡∏ô‡πÅ‡∏•‡∏∞‡πÄ‡∏™‡∏£‡∏¥‡∏°‡∏™‡∏£‡πâ‡∏≤‡∏á‡∏™‡∏∏‡∏Ç‡∏†‡∏≤‡∏û‡∏£‡πà‡∏≤‡∏á‡∏Å‡∏≤‡∏¢‡πÅ‡∏•‡∏∞‡∏™‡∏∏‡∏Ç‡∏†‡∏≤‡∏û‡∏™‡∏°‡∏≠‡∏á","<h1 style=""text-align: left;"">‡∏£‡∏≤‡∏¢‡∏•‡∏∞‡πÄ‡∏≠‡∏µ‡∏¢‡∏î‡∏ú‡∏•‡∏¥‡∏ï‡∏†‡∏±‡∏ì‡∏ë‡πå (Description)</h1><p>‡∏™‡∏π‡∏ï‡∏£‡∏Ç‡∏≠‡∏á Syn Balance ‡∏ú‡∏™‡∏≤‡∏ô Probiotic ‡πÄ‡∏Ç‡πâ‡∏≤‡∏Å‡∏±‡∏ö ‡∏ú‡∏±‡∏Å‡πÅ‡∏•‡∏∞‡∏ú‡∏•‡πÑ‡∏°‡πâ‡∏£‡∏ß‡∏° 18 ‡∏ä‡∏ô‡∏¥‡∏î</p>"
1732702728428684501,"‡πÄ‡∏ã‡∏£‡∏±‡πà‡∏°‡πÅ‡∏•‡∏∞‡πÄ‡∏≠‡∏™‡πÄ‡∏ã‡∏ô‡∏™‡πå (601619)","D Plus Skin (7203009476931258117)","D PLUS SKIN - GRAND RENEW SET ‡∏ä‡∏∏‡∏î‡∏î‡∏π‡πÅ‡∏•‡∏ú‡∏¥‡∏ß Signature Edition 5‡∏ä‡∏¥‡πâ‡∏ô","<h2 style=""text-align: left;"">‡∏£‡∏≤‡∏¢‡∏•‡∏∞‡πÄ‡∏≠‡∏µ‡∏¢‡∏î‡∏ú‡∏•‡∏¥‡∏ï‡∏†‡∏±‡∏ì‡∏ë‡πå (Description)</h2><p><strong>SET ‡∏î‡∏π‡πÅ‡∏•‡∏ú‡∏¥‡∏ß‡πÅ‡∏ö‡∏ö‡∏Ñ‡∏£‡∏ö‡∏Ç‡∏±‡πâ‡∏ô‡∏ï‡∏≠‡∏ô </strong><br>‡∏ä‡∏∏‡∏î‡∏ú‡∏•‡∏¥‡∏ï‡∏†‡∏±‡∏ì‡∏ë‡πå‡∏î‡∏π‡πÅ‡∏•‡∏ú‡∏¥‡∏ß‡∏ó‡∏µ‡πà‡∏≠‡∏≠‡∏Å‡πÅ‡∏ö‡∏ö‡∏°‡∏≤‡πÄ‡∏û‡∏∑‡πà‡∏≠‡∏Å‡∏≤‡∏£‡∏î‡∏π‡πÅ‡∏•‡∏ú‡∏¥‡∏ß‡∏≠‡∏¢‡πà‡∏≤‡∏á‡πÄ‡∏õ‡πá‡∏ô‡∏£‡∏∞‡∏ö‡∏ö ‡∏ï‡∏±‡πâ‡∏á‡πÅ‡∏ï‡πà‡∏Ç‡∏±‡πâ‡∏ô‡∏ï‡∏≠‡∏ô‡∏Å‡∏≤‡∏£‡∏ó‡∏≥‡∏Ñ‡∏ß‡∏≤‡∏°‡∏™‡∏∞‡∏≠‡∏≤‡∏î ‡∏Å‡∏≤‡∏£‡∏ö‡∏≥‡∏£‡∏∏‡∏á‡∏ú‡∏¥‡∏ß ‡πÑ‡∏õ‡∏à‡∏ô‡∏ñ‡∏∂‡∏á‡∏Å‡∏≤‡∏£‡∏î‡∏π‡πÅ‡∏•‡∏™‡∏°‡∏î‡∏∏‡∏•‡∏ú‡∏¥‡∏ß‡πÉ‡∏ô‡∏ä‡∏µ‡∏ß‡∏¥‡∏ï‡∏õ‡∏£‡∏∞‡∏à‡∏≥‡∏ß‡∏±‡∏ô</p>"
1733014433874412757,"‡∏™‡∏ö‡∏π‡πà‡πÄ‡∏´‡∏•‡∏ß‡πÅ‡∏•‡∏∞‡∏™‡∏ö‡∏π‡πà‡∏Å‡πâ‡∏≠‡∏ô (601493)","D Plus Skin (7203009476931258117)","‡πÇ‡∏õ‡∏£‡∏ß‡∏±‡∏ô‡πÄ‡∏Å‡∏¥‡∏î ‡∏™‡∏ö‡∏π‡πà 3‡∏Å‡πâ‡∏≠‡∏ô D plus skin - ‡∏™‡∏ö‡∏π‡πà Allantoin | promotion","<h2 style=""text-align: left;"">‡∏£‡∏≤‡∏¢‡∏•‡∏∞‡πÄ‡∏≠‡∏µ‡∏¢‡∏î‡∏™‡∏¥‡∏ô‡∏Ñ‡πâ‡∏≤ üìù</h2><h3 style=""text-align: left;"">‡∏ä‡∏∑‡πà‡∏≠‡∏™‡∏¥‡∏ô‡∏Ñ‡πâ‡∏≤</h3><ul><li><strong>D plus skin - ‡∏™‡∏ö‡∏π‡πà Hya Allantoin</strong>üåü</li></ul>"
1731708125069411541,"‡∏ú‡∏•‡∏¥‡∏ï‡∏†‡∏±‡∏ì‡∏ë‡πå‡∏î‡∏π‡πÅ‡∏•‡∏™‡∏¥‡∏ß (873480)","D Plus Skin (7197576490450552581)","‡∏Ñ‡∏£‡∏µ‡∏°‡∏™‡∏¥‡∏ß - Reskin Clear Acne Plus","<p><strong>ReSkin Clear Acne Plus</strong> ‡∏à‡∏≤‡∏Å‡πÅ‡∏ö‡∏£‡∏ô‡∏î‡πå D PLUS SKIN ‡πÄ‡∏õ‡πá‡∏ô‡∏Ñ‡∏£‡∏µ‡∏°‡∏ö‡∏≥‡∏£‡∏∏‡∏á‡∏ú‡∏¥‡∏ß‡∏´‡∏ô‡πâ‡∏≤‡∏™‡∏π‡∏ï‡∏£‡∏≠‡πà‡∏≠‡∏ô‡πÇ‡∏¢‡∏ô‡∏ó‡∏µ‡πà‡∏ú‡πà‡∏≤‡∏ô‡∏Å‡∏≤‡∏£‡∏ó‡∏î‡∏™‡∏≠‡∏ö‡∏Å‡∏≤‡∏£‡∏£‡∏∞‡∏Ñ‡∏≤‡∏¢‡πÄ‡∏Ñ‡∏∑‡∏≠‡∏á‡πÇ‡∏î‡∏¢‡∏ú‡∏π‡πâ‡πÄ‡∏ä‡∏µ‡πà‡∏¢‡∏ß‡∏ä‡∏≤‡∏ç</p>"
1732328401870817493,"‡∏ä‡∏∏‡∏î‡∏™‡∏Å‡∏¥‡∏ô‡πÅ‡∏Ñ‡∏£‡πå (601611)","D Plus Skin (7197576490450552581)","D Plus Skin ‡πÄ‡∏ã‡πá‡∏ï‡∏™‡∏¥‡∏ß 4 ‡∏ä‡∏¥‡πâ‡∏ô EXOGEN + ‡∏Ñ‡∏£‡∏µ‡∏°‡∏ñ‡∏≠‡∏î‡∏™‡∏≤‡∏£ ‡∏ü‡∏£‡∏µ EXOGEN 2 ‡∏Å‡∏•‡πà‡∏≠‡∏á ‡∏ö‡∏≥‡∏£‡∏∏‡∏á‡∏ú‡∏¥‡∏ß‡∏≠‡πà‡∏≠‡∏ô‡πÇ‡∏¢‡∏ô","<h2 style=""text-align: left;"">SET ‡∏î‡∏π‡πÅ‡∏•‡∏ú‡∏¥‡∏ß Exogen + Clear Acne Plus</h2><p>‡∏Å‡∏≤‡∏£‡∏ú‡∏™‡∏≤‡∏ô‡∏™‡∏≠‡∏á‡∏ï‡∏±‡∏ß‡∏ä‡πà‡∏ß‡∏¢‡∏ö‡∏≥‡∏£‡∏∏‡∏á‡∏ú‡∏¥‡∏ß‡∏ó‡∏µ‡πà‡πÅ‡∏ï‡∏Å‡∏ï‡πà‡∏≤‡∏á ‡πÅ‡∏ï‡πà‡πÄ‡∏™‡∏£‡∏¥‡∏°‡∏Å‡∏±‡∏ô‡πÑ‡∏î‡πâ‡∏≠‡∏¢‡πà‡∏≤‡∏á‡∏•‡∏á‡∏ï‡∏±‡∏ß ‡πÄ‡∏´‡∏°‡∏≤‡∏∞‡∏™‡∏≥‡∏´‡∏£‡∏±‡∏ö‡∏ú‡∏π‡πâ‡∏ó‡∏µ‡πà‡∏Å‡∏±‡∏á‡∏ß‡∏•‡πÄ‡∏£‡∏∑‡πà‡∏≠‡∏á‡∏ú‡∏¥‡∏ß‡πÑ‡∏°‡πà‡πÄ‡∏£‡∏µ‡∏¢‡∏ö‡πÄ‡∏ô‡∏µ‡∏¢‡∏ô</p>"
1729653071501101269,"‡∏ä‡∏∏‡∏î‡∏™‡∏Å‡∏¥‡∏ô‡πÅ‡∏Ñ‡∏£‡πå (601611)","D Plus Skin (7197576490450552581)","‡∏™‡∏π‡∏ï‡∏£‡∏ù‡πâ‡∏≤! ‡πÄ‡∏ã‡∏£‡∏±‡πà‡∏°+‡∏Ñ‡∏£‡∏µ‡∏° ‡∏¢‡∏Å‡∏Å‡∏•‡πà‡∏≠‡∏á ‡∏£‡∏ß‡∏° 6‡∏ã‡∏≠‡∏á 72‡∏Å‡∏£‡∏±‡∏° ‡πÑ‡∏Æ‡∏¢‡∏≤‡∏ã‡∏≤‡∏Å‡∏∏‡∏£‡∏∞‡πÄ‡∏ã‡∏£‡∏±‡πà‡∏°‡πÅ‡∏•‡∏∞‡∏Ñ‡∏£‡∏µ‡∏°‡∏£‡∏µ‡πÑ‡∏ß‡∏ó‡πå ‡∏ú‡∏¥‡∏ß ‡∏ö‡∏≥‡∏£‡∏∏‡∏á ‡∏™‡∏Å‡∏¥‡∏ô‡πÅ‡∏Ñ‡∏£‡πå ‡∏°‡∏≠‡∏¢‡∏™‡πå‡πÄ‡∏à‡∏≠‡∏£‡πå‡πÑ‡∏£‡πÄ‡∏ã‡∏≠‡∏£‡πå","<h2 style=""text-align: left;"">‡∏£‡∏≤‡∏¢‡∏•‡∏∞‡πÄ‡∏≠‡∏µ‡∏¢‡∏î‡∏ú‡∏•‡∏¥‡∏ï‡∏†‡∏±‡∏ì‡∏ë‡πå (Description)</h2><p><strong>HYA SAKURA SERUM PLUS & D PLUS BIFIDA CREAM PLUS</strong></p>"
1730033179300169941,"‡πÄ‡∏ã‡∏£‡∏±‡πà‡∏°‡πÅ‡∏•‡∏∞‡πÄ‡∏≠‡∏™‡πÄ‡∏ã‡∏ô‡∏™‡πå (601619)","D Plus Skin (7203009476931258117)","1 ‡πÅ‡∏ñ‡∏° 1 - Hya11 molecul ‡πÅ‡∏•‡∏∞ Exogen ‡πÄ‡∏ã‡∏£‡∏±‡πà‡∏°‡∏Ñ‡∏π‡πà‡πÄ‡∏û‡∏∑‡πà‡∏≠‡∏ú‡∏¥‡∏ß‡∏™‡∏∏‡∏Ç‡∏†‡∏≤‡∏û‡∏î‡∏µ Skincare ‡∏™‡∏Å‡∏¥‡∏ô‡πÅ‡∏Ñ‡∏£‡πå Serum Moisturizers ‡∏°‡∏≠‡∏¢‡∏™‡πå‡πÄ‡∏à‡∏≠‡∏£‡πå‡πÑ‡∏£‡πÄ‡∏ã‡∏≠‡∏£‡πå ‡∏ö‡∏≥‡∏£‡∏∏‡∏á ‡∏Ñ‡∏ß‡∏≤‡∏°‡∏ä‡∏∏‡πà‡∏°‡∏ä‡∏∑‡πâ‡∏ô ‡∏Ñ‡∏≠‡∏•‡∏•‡∏≤‡πÄ‡∏à‡∏ô","<p>‚ú® <strong>1 ‡πÅ‡∏ñ‡∏° 1 D PLUS SKIN - Hya11 molecul ‡πÅ‡∏•‡∏∞ Exogen ‡πÄ‡∏ã‡∏£‡∏±‡πà‡∏°‡∏Ñ‡∏π‡πà‡πÄ‡∏û‡∏∑‡πà‡∏≠‡∏ú‡∏¥‡∏ß‡∏™‡∏∏‡∏Ç‡∏†‡∏≤‡∏û‡∏î‡∏µ</strong> ‚ú®</p>"
1729598905911118037,"‡∏ú‡∏•‡∏¥‡∏ï‡∏†‡∏±‡∏ì‡∏ë‡πå‡πÄ‡∏™‡∏£‡∏¥‡∏°‡∏Ñ‡∏ß‡∏≤‡∏°‡∏á‡∏≤‡∏° (700648)","grab (7032166680734336769)","Grab Plus ‡∏Å‡∏•‡∏π‡∏ï‡πâ‡∏≤‡πÑ‡∏ò‡πÇ‡∏≠‡∏ô & ‡∏Ñ‡∏≠‡∏•‡∏•‡∏≤‡πÄ‡∏à‡∏ô","<h2 style=""text-align: left;""><strong>GRAB COLLAGEN</strong></h2><p><strong>‡∏ú‡∏•‡∏¥‡∏ï‡∏†‡∏±‡∏ì‡∏ë‡πå‡πÄ‡∏™‡∏£‡∏¥‡∏°‡∏≠‡∏≤‡∏´‡∏≤‡∏£‡∏Ñ‡∏≠‡∏•‡∏•‡∏≤‡πÄ‡∏à‡∏ô‡∏ú‡∏á‡∏ä‡∏á‡∏î‡∏∑‡πà‡∏° ‡∏£‡∏™‡∏ú‡∏•‡πÑ‡∏°‡πâ‡∏´‡∏≠‡∏°‡∏•‡∏∞‡∏°‡∏∏‡∏ô</strong></p>"
1731693961319188693,"‡∏ú‡∏•‡∏¥‡∏ï‡∏†‡∏±‡∏ì‡∏ë‡πå‡πÄ‡∏™‡∏£‡∏¥‡∏°‡∏Ñ‡∏ß‡∏≤‡∏°‡∏á‡∏≤‡∏° (700648)","D plus care Brand (7187839097254446853)","‡∏≠‡∏≤‡∏´‡∏≤‡∏£‡πÄ‡∏™‡∏£‡∏¥‡∏° grab glutra 3‡∏Å‡∏•‡πà‡∏≠‡∏á ‡πÅ‡∏•‡∏∞ grab collagen 3‡∏Å‡∏•‡πà‡∏≠‡∏á","<h3 style=""text-align: left;""><strong>Grab Gluta</strong></h3><p>Grab Gluta ‡πÄ‡∏õ‡πá‡∏ô‡∏ú‡∏•‡∏¥‡∏ï‡∏†‡∏±‡∏ì‡∏ë‡πå‡πÄ‡∏™‡∏£‡∏¥‡∏°‡∏≠‡∏≤‡∏´‡∏≤‡∏£‡∏ó‡∏µ‡πà‡∏ä‡πà‡∏ß‡∏¢‡∏î‡∏π‡πÅ‡∏•‡∏ú‡∏¥‡∏ß‡∏û‡∏£‡∏£‡∏ì‡πÉ‡∏´‡πâ‡πÅ‡∏•‡∏î‡∏π‡∏™‡∏î‡πÉ‡∏™</p>"
1732046384141075669,"‡∏ú‡∏•‡∏¥‡∏ï‡∏†‡∏±‡∏ì‡∏ë‡πå‡∏î‡∏π‡πÅ‡∏•‡∏™‡∏¥‡∏ß (873480)","D Plus Skin (7197576490450552581)","D PLUS SKIN - ‡∏™‡∏π‡∏ï‡∏£‡∏™‡∏¥‡∏ß+ ‡∏™‡∏π‡∏ï‡∏£‡∏ù‡πâ‡∏≤","<ul><li><strong>‡∏Ñ‡∏£‡∏µ‡∏°‡∏ã‡∏≠‡∏á‡∏™‡∏π‡∏ï‡∏£‡∏™‡∏¥‡∏ß‡πÅ‡∏•‡∏∞‡∏ù‡πâ‡∏≤:</strong> ‡∏ú‡∏•‡∏¥‡∏ï‡∏†‡∏±‡∏ì‡∏ë‡πå‡∏ô‡∏µ‡πâ‡∏≠‡∏≠‡∏Å‡πÅ‡∏ö‡∏ö‡∏°‡∏≤‡πÄ‡∏û‡∏∑‡πà‡∏≠‡∏ä‡πà‡∏ß‡∏¢‡∏î‡∏π‡πÅ‡∏•‡πÉ‡∏ô‡πÄ‡∏£‡∏∑‡πà‡∏≠‡∏á‡∏™‡∏¥‡∏ß‡πÅ‡∏•‡∏∞‡∏ù‡πâ‡∏≤‡πÇ‡∏î‡∏¢‡πÄ‡∏â‡∏û‡∏≤‡∏∞ ‡πÉ‡∏´‡πâ‡∏Ñ‡∏∏‡∏ì‡∏°‡∏±‡πà‡∏ô‡πÉ‡∏à‡πÉ‡∏ô‡∏ú‡∏¥‡∏ß‡∏ó‡∏µ‡πà‡∏î‡∏π‡∏î‡∏µ‡∏Ç‡∏∂‡πâ‡∏ô üíÜ‚ôÄÔ∏è</li></ul>"
1730033187255519445,"‡πÄ‡∏ã‡∏£‡∏±‡πà‡∏°‡πÅ‡∏•‡∏∞‡πÄ‡∏≠‡∏™‡πÄ‡∏ã‡∏ô‡∏™‡πå (601619)","D Plus Skin (7203009476931258117)","D PLUS SKIN - Hya 11 Molecul ‡πÄ‡∏ã‡∏£‡∏±‡πà‡∏°‡∏ö‡∏≥‡∏£‡∏∏‡∏á‡∏ú‡∏¥‡∏ß (‡∏Å‡∏•‡πà‡∏≠‡∏á‡πÉ‡∏´‡∏ç‡πà‡∏ö‡∏£‡∏£‡∏à‡∏∏ 3 ‡∏Ç‡∏ß‡∏î) ‡∏™‡∏Å‡∏¥‡∏ô‡πÅ‡∏Ñ‡∏£‡πå Skincare ‡∏Ñ‡∏ß‡∏≤‡∏°‡∏ä‡∏∏‡πà‡∏°‡∏ä‡∏∑‡πâ‡∏ô ‡πÉ‡∏ö‡∏´‡∏ô‡πâ‡∏≤ ‡∏ú‡∏¥‡∏ß‡∏´‡∏ô‡πâ‡∏≤","<p>D PLUS SKIN - Hya 11 ‡πÄ‡∏ã‡∏£‡∏±‡πà‡∏°‡∏ö‡∏≥‡∏£‡∏∏‡∏á‡∏ú‡∏¥‡∏ß (‡∏Å‡∏•‡πà‡∏≠‡∏á‡πÉ‡∏´‡∏ç‡πà‡∏ö‡∏£‡∏£‡∏à‡∏∏ 3 ‡∏Ç‡∏ß‡∏î) ‡∏™‡∏Å‡∏¥‡∏ô‡πÅ‡∏Ñ‡∏£‡πå Skincare ‡∏Ñ‡∏ß‡∏≤‡∏°‡∏ä‡∏∏‡πà‡∏°‡∏ä‡∏∑‡πâ‡∏ô ‡πÉ‡∏ö‡∏´‡∏ô‡πâ‡∏≤ ‡∏ú‡∏¥‡∏ß‡∏´‡∏ô‡πâ‡∏≤</p>"
1732075296055919829,"‡πÄ‡∏ã‡∏£‡∏±‡πà‡∏°‡πÅ‡∏•‡∏∞‡πÄ‡∏≠‡∏™‡πÄ‡∏ã‡∏ô‡∏™‡πå (601619)","D Plus Skin (7203009476931258117)","D Plus Skin - Exogen ‡πÄ‡∏ã‡∏£‡∏±‡πà‡∏°‡∏ö‡∏≥‡∏£‡∏∏‡∏á‡∏ú‡∏¥‡∏ß‡∏™‡∏∏‡∏Ç‡∏†‡∏≤‡∏û‡∏î‡∏µ 3 ‡∏Å‡∏•‡πà‡∏≠‡∏á","<p><strong>D Plus Skin - Exogen ‡πÄ‡∏ã‡∏£‡∏±‡πà‡∏°‡∏ö‡∏≥‡∏£‡∏∏‡∏á‡∏ú‡∏¥‡∏ß‡∏™‡∏∏‡∏Ç‡∏†‡∏≤‡∏û‡∏î‡∏µ Skincare</strong></p>"
1729658107824670933,"‡∏ú‡∏•‡∏¥‡∏ï‡∏†‡∏±‡∏ì‡∏ë‡πå‡∏î‡∏π‡πÅ‡∏•‡∏™‡∏¥‡∏ß (873480)","D Plus Skin (7197576490450552581)","‡∏Ñ‡∏£‡∏µ‡∏°‡∏ã‡∏≠‡∏á‡∏¢‡∏Å‡∏Å‡∏•‡πà‡∏≠‡∏á ‡∏£‡∏ß‡∏° 6‡∏ã‡∏≠‡∏á 72‡∏Å‡∏£‡∏±‡∏° ‡∏Å‡∏•‡∏π‡∏ï‡πâ‡∏≤‡πÅ‡∏•‡∏∞‡∏Ñ‡∏£‡∏µ‡∏°‡∏£‡∏µ‡πÑ‡∏ß‡∏ó‡πå Moisturizer ‡∏°‡∏≠‡∏¢‡∏™‡πå‡πÄ‡∏à‡∏≠‡∏£‡πå‡πÑ‡∏£‡πÄ‡∏ã‡∏≠‡∏£‡πå","<h2 style=""text-align: left;"">‡∏£‡∏≤‡∏¢‡∏•‡∏∞‡πÄ‡∏≠‡∏µ‡∏¢‡∏î‡∏ú‡∏•‡∏¥‡∏ï‡∏†‡∏±‡∏ì‡∏ë‡πå (Description)</h2>"
1730102475076045013,"‡πÄ‡∏ã‡∏£‡∏±‡πà‡∏°‡πÅ‡∏•‡∏∞‡πÄ‡∏≠‡∏™‡πÄ‡∏ã‡∏ô‡∏™‡πå (601619)","D Plus Skin (7203009476931258117)","‡∏ä‡∏∏‡∏î 3 ‡∏ä‡∏¥‡πâ‡∏ô exogen ‡πÅ‡∏•‡∏∞ hya11 ‡πÅ‡∏ñ‡∏°‡∏™‡∏ö‡∏π‡πà hya allantoin","<h2 style=""text-align: left;"">‡∏£‡∏≤‡∏¢‡∏•‡∏∞‡πÄ‡∏≠‡∏µ‡∏¢‡∏î‡∏ú‡∏•‡∏¥‡∏ï‡∏†‡∏±‡∏ì‡∏ë‡πå (Description)</h2><p><strong>SET ‡∏î‡∏π‡πÅ‡∏•‡∏ú‡∏¥‡∏ß‡πÅ‡∏ö‡∏ö‡∏Ñ‡∏£‡∏ö‡∏Ç‡∏±‡πâ‡∏ô‡∏ï‡∏≠‡∏ô </strong></p>"
1729795128309024981,"‡∏≠‡∏≤‡∏´‡∏≤‡∏£‡πÄ‡∏™‡∏£‡∏¥‡∏°‡πÄ‡∏û‡∏∑‡πà‡∏≠‡∏™‡∏∏‡∏Ç‡∏†‡∏≤‡∏û (700650)","D plus care Brand (7187839097254446853)","D PLUS SKIN - Syn Balance ‡∏ú‡∏á‡∏ú‡∏±‡∏Å probiotics ‡∏õ‡πâ‡∏≠‡∏á‡∏Å‡∏±‡∏ô‡πÅ‡∏•‡∏∞‡πÄ‡∏™‡∏£‡∏¥‡∏°‡∏™‡∏£‡πâ‡∏≤‡∏á‡∏™‡∏∏‡∏Ç‡∏†‡∏≤‡∏û‡∏£‡πà‡∏≤‡∏á‡∏Å‡∏≤‡∏¢","<h1>‡∏£‡∏≤‡∏¢‡∏•‡∏∞‡πÄ‡∏≠‡∏µ‡∏¢‡∏î‡∏ú‡∏•‡∏¥‡∏ï‡∏†‡∏±‡∏ì‡∏ë‡πå (Description)</h1><p><strong>Syn Balance (‡∏ú‡∏•‡∏¥‡∏ï‡∏†‡∏±‡∏ì‡∏ë‡πå‡πÄ‡∏™‡∏£‡∏¥‡∏°‡∏≠‡∏≤‡∏´‡∏≤‡∏£)</strong></p>"
1733221668534977749,"‡πÄ‡∏ã‡∏£‡∏±‡πà‡∏°‡πÅ‡∏•‡∏∞‡πÄ‡∏≠‡∏™‡πÄ‡∏ã‡∏ô‡∏™‡πå (601619)","D Plus Skin (7197576490450552581)","D plus skin - ‡∏Ñ‡∏£‡∏µ‡∏°‡∏ã‡∏≠‡∏á‡∏™‡∏π‡∏ï‡∏£‡∏™‡∏¥‡∏ß Gluta ‡πÅ‡∏•‡∏∞ Bifida | promotion ‡∏™‡∏∏‡∏î‡∏û‡∏¥‡πÄ‡∏®‡∏©","<h2 style=""text-align: left;"">‡∏£‡∏≤‡∏¢‡∏•‡∏∞‡πÄ‡∏≠‡∏µ‡∏¢‡∏î‡∏ú‡∏•‡∏¥‡∏ï‡∏†‡∏±‡∏ì‡∏ë‡πå (Description)</h2>"
1730102476795906261,"‡πÄ‡∏ã‡∏£‡∏±‡πà‡∏°‡πÅ‡∏•‡∏∞‡πÄ‡∏≠‡∏™‡πÄ‡∏ã‡∏ô‡∏™‡πå (601619)","D Plus Skin (7203009476931258117)","‡∏à‡∏±‡∏î‡∏™‡πà‡∏á‡πÄ‡∏£‡πá‡∏ß‡πÉ‡∏ô 24 ‡∏ä‡∏°. D PLUS SKIN - EXOGEN ‡πÄ‡∏ã‡∏£‡∏±‡πà‡∏°‡∏ö‡∏≥‡∏£‡∏∏‡∏á‡∏ú‡∏¥‡∏ß(‡∏Å‡∏•‡πà‡∏≠‡∏á‡πÉ‡∏´‡∏ç‡πà ‡∏ö‡∏£‡∏£‡∏à‡∏∏ 3 ‡∏Ç‡∏ß‡∏î) Skincare ‡∏™‡∏Å‡∏¥‡∏ô‡πÅ‡∏Ñ‡∏£‡πå","<p>‚ú® <strong>D PLUS SKIN - EXOGEN ‡πÄ‡∏ã‡∏£‡∏±‡πà‡∏°‡∏ö‡∏≥‡∏£‡∏∏‡∏á‡∏ú‡∏¥‡∏ß</strong> ‚ú®</p>"
1729581734861244629,"‡∏≠‡∏≤‡∏´‡∏≤‡∏£‡πÄ‡∏™‡∏£‡∏¥‡∏°‡πÄ‡∏û‡∏∑‡πà‡∏≠‡∏™‡∏∏‡∏Ç‡∏†‡∏≤‡∏û (700650)","D plus care Brand (7187839097254446853)","‡∏ã‡∏∑‡πâ‡∏≠1 ‡πÅ‡∏ñ‡∏° 2‡∏Å‡∏•‡πà‡∏≠‡∏á | Grab Collagen ‡∏Ñ‡∏≠‡∏•‡∏•‡∏≤‡πÄ‡∏à‡∏ô‡πÑ‡∏î‡πÄ‡∏õ‡∏õ‡πÑ‡∏ó‡∏î‡πå 3 ‡∏Å‡∏•‡πà‡∏≠‡∏á (30 ‡∏ã‡∏≠‡∏á) ‡∏î‡∏π‡πÅ‡∏•‡∏ú‡∏¥‡∏ß‡πÄ‡∏£‡∏µ‡∏¢‡∏ö‡πÄ‡∏ô‡∏µ‡∏¢‡∏ô ‡∏ä‡∏∏‡πà‡∏°‡∏ä‡∏∑‡πâ‡∏ô ‡πÄ‡∏™‡∏£‡∏¥‡∏°‡πÇ‡∏†‡∏ä‡∏ô‡∏≤‡∏Å‡∏≤‡∏£‡∏à‡∏≤‡∏Å‡∏†‡∏≤‡∏¢‡πÉ‡∏ô | ‡∏•‡∏î‡∏£‡∏≤‡∏Ñ‡∏≤ 80% ‡∏û‡∏£‡πâ‡∏≠‡∏°‡∏™‡πà‡∏ß‡∏ô‡∏•‡∏î‡∏û‡∏¥‡πÄ‡∏®‡∏©‡∏à‡∏≤‡∏Å TikTok Mall","<h2 style=""text-align: left;""><strong>Grab Collagen ‚Äì ‡∏Ñ‡∏≠‡∏•‡∏•‡∏≤‡πÄ‡∏à‡∏ô‡∏™‡∏π‡∏ï‡∏£‡πÄ‡∏Ç‡πâ‡∏°‡∏Ç‡πâ‡∏ô‡πÄ‡∏û‡∏∑‡πà‡∏≠‡∏Å‡∏≤‡∏£‡∏î‡∏π‡πÅ‡∏•‡∏™‡∏∏‡∏Ç‡∏†‡∏≤‡∏û‡∏ú‡∏¥‡∏ß‡πÅ‡∏•‡∏∞‡∏£‡πà‡∏≤‡∏á‡∏Å‡∏≤‡∏¢</strong></h2>"
1733070841975178453,"‡πÄ‡∏ã‡∏£‡∏±‡πà‡∏°‡πÅ‡∏•‡∏∞‡πÄ‡∏≠‡∏™‡πÄ‡∏ã‡∏ô‡∏™‡πå (601619)","D Plus Skin (7197576490450552581)","‡πÇ‡∏õ‡∏£‡∏ß‡∏±‡∏ô‡πÄ‡∏Å‡∏¥‡∏î -D plus skin - ‡∏Ñ‡∏£‡∏µ‡∏°‡∏ã‡∏≠‡∏á‡∏™‡∏π‡∏ï‡∏£‡∏™‡∏¥‡∏ß Gluta ‡πÅ‡∏•‡∏∞ Bifida | promotion ‡∏™‡∏∏‡∏î‡∏û‡∏¥‡πÄ‡∏®‡∏©","<h2 style=""text-align: left;"">‡∏£‡∏≤‡∏¢‡∏•‡∏∞‡πÄ‡∏≠‡∏µ‡∏¢‡∏î‡∏™‡∏¥‡∏ô‡∏Ñ‡πâ‡∏≤ üìù</h2><h3 style=""text-align: left;"">‡∏ä‡∏∑‡πà‡∏≠‡∏™‡∏¥‡∏ô‡∏Ñ‡πâ‡∏≤</h3><ul><li><strong>D plus skin - ‡∏Ñ‡∏£‡∏µ‡∏°‡∏ã‡∏≠‡∏á‡∏™‡∏π‡∏ï‡∏£‡∏™‡∏¥‡∏ß Gluta ‡πÅ‡∏•‡∏∞ Bifida</strong></li></ul>"
1731866876694725845,"‡∏ú‡∏•‡∏¥‡∏ï‡∏†‡∏±‡∏ì‡∏ë‡πå‡∏î‡∏π‡πÅ‡∏•‡∏™‡∏¥‡∏ß (873480)",,"D PLUS SKIN - GRAND RENEW SET ‚Äì ‡∏ä‡∏∏‡∏î Signature Edition ‡∏ä‡∏∏‡∏î‡∏î‡∏π‡πÅ‡∏•‡∏ú‡∏¥‡∏ß‡∏£‡∏∞‡∏î‡∏±‡∏ö‡∏û‡∏£‡∏µ‡πÄ‡∏°‡∏µ‡∏¢‡∏° ‡∏™‡∏≥‡∏´‡∏£‡∏±‡∏ö‡∏ú‡∏π‡πâ‡πÄ‡∏£‡∏¥‡πà‡∏°‡∏ï‡πâ‡∏ô‡∏î‡∏π‡πÅ‡∏•‡∏ú‡∏¥‡∏ß‡πÅ‡∏ö‡∏ö‡∏Ñ‡∏£‡∏ö‡∏Ç‡∏±‡πâ‡∏ô‡∏ï‡∏≠‡∏ô","<h2 style=""text-align: left;"">‡∏£‡∏≤‡∏¢‡∏•‡∏∞‡πÄ‡∏≠‡∏µ‡∏¢‡∏î‡∏ú‡∏•‡∏¥‡∏ï‡∏†‡∏±‡∏ì‡∏ë‡πå (Description)</h2>"
1729657451943790805,"‡∏ú‡∏•‡∏¥‡∏ï‡∏†‡∏±‡∏ì‡∏ë‡πå‡πÄ‡∏™‡∏£‡∏¥‡∏°‡∏Ñ‡∏ß‡∏≤‡∏°‡∏á‡∏≤‡∏° (700648)","D plus care Brand (7187839097254446853)","‡∏à‡∏±‡∏î‡∏™‡πà‡∏á‡πÄ‡∏£‡πá‡∏ß‡πÉ‡∏ô 24 ‡∏ä‡∏°. ‡∏≠‡∏≤‡∏´‡∏≤‡∏£‡πÄ‡∏™‡∏£‡∏¥‡∏°‡πÅ‡∏Å‡πä‡∏õ‡∏Å‡∏•‡∏π‡∏ï‡πâ‡∏≤ ‡∏û‡∏£‡πâ‡∏≠‡∏°‡∏™‡πà‡∏á D Plus Skin","<h2 style=""text-align: left;"">Grab Gluta ‚Äì ‡∏ú‡∏•‡∏¥‡∏ï‡∏†‡∏±‡∏ì‡∏ë‡πå‡πÄ‡∏™‡∏£‡∏¥‡∏°‡∏≠‡∏≤‡∏´‡∏≤‡∏£‡∏à‡∏≤‡∏Å‡∏™‡∏≤‡∏£‡∏™‡∏Å‡∏±‡∏î‡∏ò‡∏£‡∏£‡∏°‡∏ä‡∏≤‡∏ï‡∏¥</h2>"
1729542825440151765,"‡∏°‡∏≠‡∏¢‡∏™‡πå‡πÄ‡∏à‡∏≠‡πÑ‡∏£‡πÄ‡∏ã‡∏≠‡∏£‡πå‡πÅ‡∏•‡∏∞‡∏™‡πÄ‡∏õ‡∏£‡∏¢‡πå‡∏â‡∏µ‡∏î‡∏´‡∏ô‡πâ‡∏≤ (601615)","D Plus Skin (7197576490450552581)","‡∏™‡∏π‡∏ï‡∏£‡∏ù‡πâ‡∏≤! ‡∏Ñ‡∏£‡∏µ‡∏°‡∏ã‡∏≠‡∏á‡∏î‡∏µ‡∏û‡∏•‡∏±‡∏™‡∏™‡∏π‡∏ï‡∏£ hya ‡πÅ‡∏•‡∏∞ bifida","<p>‡∏™‡∏π‡∏ï‡∏£‡∏ù‡πâ‡∏≤! ‡∏Ñ‡∏£‡∏µ‡∏°‡∏ã‡∏≠‡∏á‡∏î‡∏µ‡∏û‡∏•‡∏±‡∏™‡∏™‡∏π‡∏ï‡∏£ hya ‡πÅ‡∏•‡∏∞ bifida</p>"
1730033169015015637,"‡πÄ‡∏ã‡∏£‡∏±‡πà‡∏°‡πÅ‡∏•‡∏∞‡πÄ‡∏≠‡∏™‡πÄ‡∏ã‡∏ô‡∏™‡πå (601619)","D Plus Skin (7203009476931258117)","D PLUS SKIN - Hya 11 Molecul ‡πÄ‡∏ã‡∏£‡∏±‡πà‡∏°‡∏£‡∏ö‡∏≥‡∏£‡∏∏‡∏á‡∏ú‡∏¥‡∏ß Skincare ‡∏™‡∏Å‡∏¥‡∏ô‡πÅ‡∏Ñ‡∏£‡πå Serum Moisturizers Face ‡∏Ñ‡∏ß‡∏≤‡∏°‡∏ä‡∏∏‡πà‡∏°‡∏ä‡∏∑‡πâ‡∏ô ‡∏°‡∏≠‡∏¢‡∏™‡πå‡πÄ‡∏à‡∏≠‡∏£‡πå‡πÑ‡∏£‡πÄ‡∏ã‡∏≠‡∏£‡πå ‡πÉ‡∏ö‡∏´‡∏ô‡πâ‡∏≤","<p><strong>HYA11 Molecul</strong></p>"
1730024952676780245,"‡∏ú‡∏•‡∏¥‡∏ï‡∏†‡∏±‡∏ì‡∏ë‡πå‡πÄ‡∏™‡∏£‡∏¥‡∏°‡∏Ñ‡∏ß‡∏≤‡∏°‡∏á‡∏≤‡∏° (700648)","D plus care Brand (7187839097254446853)","‡∏à‡∏±‡∏î‡∏™‡πà‡∏á‡πÄ‡∏£‡πá‡∏ß‡πÉ‡∏ô 24 ‡∏ä‡∏°. ‡∏≠‡∏≤‡∏´‡∏≤‡∏£‡πÄ‡∏™‡∏£‡∏¥‡∏°‡πÄ‡∏û‡∏∑‡πà‡∏≠‡∏™‡∏∏‡∏Ç‡∏†‡∏≤‡∏û Grab Collagen 2 ‡∏Å‡∏•‡πà‡∏≠‡∏á","<p>Grab Collagen 2 ‡∏Å‡∏•‡πà‡∏≠‡∏á<br><br><strong>‡∏ú‡∏•‡∏•‡∏±‡∏û‡∏ò‡πå‡∏ó‡∏µ‡πà‡πÑ‡∏î‡πâ‡∏à‡∏≤‡∏Å‡∏Å‡∏≤‡∏£‡∏ö‡∏£‡∏¥‡πÇ‡∏†‡∏Ñ‡∏ú‡∏•‡∏¥‡∏ï‡∏†‡∏±‡∏ì‡∏ë‡πå‡∏≠‡∏≤‡∏à‡πÅ‡∏ï‡∏Å‡∏ï‡πà‡∏≤‡∏á‡∏Å‡∏±‡∏ô‡πÉ‡∏ô‡πÅ‡∏ï‡πà‡∏•‡∏∞‡∏ö‡∏∏‡∏Ñ‡∏Ñ‡∏•</strong></p>"
1730033178883426517,"‡πÄ‡∏ã‡∏£‡∏±‡πà‡∏°‡πÅ‡∏•‡∏∞‡πÄ‡∏≠‡∏™‡πÄ‡∏ã‡∏ô‡∏™‡πå (601619)","D Plus Skin (7203009476931258117)","D Plus Skin - Exogen ‡πÄ‡∏ã‡∏£‡∏±‡πà‡∏°‡∏ö‡∏≥‡∏£‡∏∏‡∏á‡∏ú‡∏¥‡∏ß‡∏™‡∏∏‡∏Ç‡∏†‡∏≤‡∏û‡∏î‡∏µ Skincare","<p>‚ú® <strong>D Plus Skin - Exogen ‡πÄ‡∏ã‡∏£‡∏±‡πà‡∏°‡∏ö‡∏≥‡∏£‡∏∏‡∏á‡∏ú‡∏¥‡∏ß‡∏™‡∏∏‡∏Ç‡∏†‡∏≤‡∏û‡∏î‡∏µ Skincare</strong> ‚ú®</p>"
1729656010154019029,"‡∏≠‡∏≤‡∏´‡∏≤‡∏£‡πÄ‡∏™‡∏£‡∏¥‡∏°‡πÄ‡∏û‡∏∑‡πà‡∏≠‡∏™‡∏∏‡∏Ç‡∏†‡∏≤‡∏û (700650)","D plus care Brand (7187839097254446853)","‡πÇ‡∏õ‡∏£‡πÇ‡∏°‡∏ä‡∏±‡πà‡∏ôGrab Collagen ‡∏à‡∏≤‡∏Å D PLUS SKIN","<h2 style=""text-align: left;""><strong>GRAB COLLAGEN ‚Äì PREORDER ‡∏£‡∏≤‡∏Ñ‡∏≤‡∏û‡∏¥‡πÄ‡∏®‡∏©</strong></h2>"
1731167022440941781,"‡∏ú‡∏•‡∏¥‡∏ï‡∏†‡∏±‡∏ì‡∏ë‡πå‡πÄ‡∏™‡∏£‡∏¥‡∏°‡∏Ñ‡∏ß‡∏≤‡∏°‡∏á‡∏≤‡∏° (700648)","D plus care Brand (7187839097254446853)","Grab Gluta Deluxe Set (3 ‡∏Å‡∏•‡πà‡∏≠‡∏á) | ""‡∏ú‡∏¥‡∏ß‡πÉ‡∏™‡πÄ‡∏£‡∏¥‡πà‡∏°‡∏à‡∏≤‡∏Å‡∏†‡∏≤‡∏¢‡πÉ‡∏ô""","<h1>‡∏£‡∏≤‡∏¢‡∏•‡∏∞‡πÄ‡∏≠‡∏µ‡∏¢‡∏î‡∏ú‡∏•‡∏¥‡∏ï‡∏†‡∏±‡∏ì‡∏ë‡πå (Description)</h1>"
1732765825670284501,"‡∏ú‡∏•‡∏¥‡∏ï‡∏†‡∏±‡∏ì‡∏ë‡πå‡πÄ‡∏™‡∏£‡∏¥‡∏°‡∏Ñ‡∏ß‡∏≤‡∏°‡∏á‡∏≤‡∏° (700648)","D plus care Brand (7187839097254446853)","GRAB COLLAGEN ‡∏Å‡∏•‡πà‡∏≠‡∏á‡πÉ‡∏´‡∏ç‡πà 30 ‡∏ã‡∏≠‡∏á | ‡∏Ñ‡∏≠‡∏•‡∏à‡∏≤‡πÄ‡∏õ‡∏õ‡πÑ‡∏ó‡∏î‡πå ‡πÅ‡∏•‡∏∞ ‡πÑ‡∏î‡πÄ‡∏õ‡∏õ‡πÑ‡∏ó‡∏î‡πå ‡∏™‡∏≤‡∏£‡∏™‡∏Å‡∏±‡∏î‡∏à‡∏≤‡∏Å‡∏ò‡∏£‡∏£‡∏°‡∏ä‡∏≤‡∏ï‡∏¥ ‡∏ú‡πà‡∏≤‡∏ô‡∏°‡∏≤‡∏ï‡∏£‡∏≤‡∏ê‡∏≤‡∏ô ‡∏≠‡∏¢. ‡∏£‡∏™‡∏ú‡∏•‡πÑ‡∏°‡πâ‡∏´‡∏≠‡∏° ‡∏•‡∏∞‡∏°‡∏∏‡∏ô ‡∏î‡∏∑‡πà‡∏°‡∏á‡πà‡∏≤‡∏ô","<h2 style=""text-align: left;""><strong>GRAB COLLAGEN ‚Äì ‡∏Ç‡∏ô‡∏≤‡∏î‡πÉ‡∏´‡∏ç‡πà 30 ‡∏ã‡∏≠‡∏á</strong></h2>"
1733014431717754069,"‡∏ú‡∏•‡∏¥‡∏ï‡∏†‡∏±‡∏ì‡∏ë‡πå‡∏î‡∏π‡πÅ‡∏•‡∏™‡∏¥‡∏ß (873480)","D Plus Skin (7197576490450552581)","‡πÇ‡∏õ‡∏£‡∏ß‡∏±‡∏ô‡πÄ‡∏Å‡∏¥‡∏îD plus skin - ‡πÄ‡∏ã‡∏£‡∏±‡πà‡∏°‡∏ú‡∏¥‡∏ß‡∏´‡∏ô‡πâ‡∏≤ HYA11 ‡πÅ‡∏•‡∏∞ Exogen ‡∏Å‡∏•‡πà‡∏≠‡∏á‡πÉ‡∏´‡∏ç‡πà | promotion ‡∏™‡∏∏‡∏î‡∏û‡∏¥‡πÄ‡∏®‡∏©","<h2 style=""text-align: left;"">‡∏£‡∏≤‡∏¢‡∏•‡∏∞‡πÄ‡∏≠‡∏µ‡∏¢‡∏î‡∏™‡∏¥‡∏ô‡∏Ñ‡πâ‡∏≤ üìù</h2>"
1729574242064894165,"‡∏ä‡∏∏‡∏î‡∏™‡∏Å‡∏¥‡∏ô‡πÅ‡∏Ñ‡∏£‡πå (601611)","D Plus Skin (7203009476931258117)","D Plus Skin ‡∏Ñ‡∏£‡∏µ‡∏° Tran EX-1 Ultimate Dark Spot Perfection Cream Plus ‡∏ö‡∏≥‡∏£‡∏∏‡∏á‡∏ú‡∏¥‡∏ß‡πÉ‡∏´‡πâ‡∏™‡∏î‡πÉ‡∏™ ‡∏ä‡∏∏‡πà‡∏°‡∏ä‡∏∑‡πâ‡∏ô ‡∏•‡∏î‡πÄ‡∏•‡∏∑‡∏≠‡∏ô‡∏à‡∏∏‡∏î‡∏î‡πà‡∏≤‡∏á‡∏î‡∏≥ ‡∏™‡∏≥‡∏´‡∏£‡∏±‡∏ö‡∏ú‡∏¥‡∏ß‡∏ó‡∏µ‡πà‡πÑ‡∏°‡πà‡∏™‡∏°‡πà‡∏≥‡πÄ‡∏™‡∏°‡∏≠ ‡∏î‡πâ‡∏ß‡∏¢ Tranexamic Acid","<h2 style=""text-align: left;""><strong>TRAN EX-1 ULTIMATE DARK SPOT PERFECTION CREAM PLUS</strong></h2>"
1730102474175383765,"‡πÄ‡∏ã‡∏£‡∏±‡πà‡∏°‡πÅ‡∏•‡∏∞‡πÄ‡∏≠‡∏™‡πÄ‡∏ã‡∏ô‡∏™‡πå (601619)","D Plus Skin (7203009476931258117)","‡∏à‡∏±‡∏î‡∏™‡πà‡∏á‡πÄ‡∏£‡πá‡∏ß‡πÉ‡∏ô 24 ‡∏ä‡∏°. D PLUS SKIN - Hya 11 Molecul ‡πÄ‡∏ã‡∏£‡∏±‡πà‡∏°‡∏ö‡∏≥‡∏£‡∏∏‡∏á‡∏ú‡∏¥‡∏ß (‡∏Å‡∏•‡πà‡∏≠‡∏á‡πÉ‡∏´‡∏ç‡πà‡∏ö‡∏£‡∏£‡∏à‡∏∏ 3 ‡∏Ç‡∏ß‡∏î) Skincare ‡∏™‡∏Å‡∏¥‡∏ô‡πÅ‡∏Ñ‡∏£‡πå Serum Moisturizers Face ‡∏ù‡πâ‡∏≤‡∏Å‡∏£‡∏∞ ‡∏£‡∏¥‡πâ‡∏ß‡∏£‡∏≠‡∏¢ ‡∏Å‡∏£‡∏∞‡∏à‡πà‡∏≤‡∏á‡πÉ‡∏™ ‡∏Ñ‡∏ß‡∏≤‡∏°‡∏ä‡∏∏‡πà‡∏°‡∏ä‡∏∑‡πâ‡∏ô ‡∏°‡∏≠‡∏¢‡∏™‡πå‡πÄ‡∏à‡∏≠‡∏£‡πå‡πÑ‡∏£‡πÄ‡∏ã‡∏≠‡∏£‡πå","<p style=""text-align: center;""><span><strong>HYA11 Molecul</strong></span></p>"
1733949624984503509,"‡∏Ñ‡∏£‡∏µ‡∏°‡∏ö‡∏≥‡∏£‡∏∏‡∏á‡∏ú‡∏¥‡∏ß‡∏Å‡∏≤‡∏¢‡πÅ‡∏•‡∏∞‡πÇ‡∏•‡∏ä‡∏±‡πà‡∏ô (601492)","D Plus Skin (7203009476931258117)","‡πÇ‡∏™‡∏°‡∏î‡∏≥‡πÄ‡∏Å‡∏≤‡∏´‡∏•‡∏µ‡πÄ‡∏ã‡∏£‡∏±‡πà‡∏°‡∏ú‡∏¥‡∏ß‡∏Å‡∏≤‡∏¢‡∏£‡πà‡∏≤‡∏á‡∏ó‡∏≠‡∏á 250Ml D plusskin ‡∏ö‡∏≠‡∏î‡∏µ‡πâ‡πÄ‡∏ã‡∏£‡∏±‡πà‡∏°‡πÇ‡∏™‡∏°‡∏î‡∏≥‡πÄ‡∏Å‡∏≤‡∏´‡∏•‡∏µ‡πÄ‡∏Ç‡πâ‡∏°‡∏Ç‡πâ‡∏ô ‡πÄ‡∏ú‡∏¢‡∏ú‡∏¥‡∏ß‡πÄ‡∏£‡∏µ‡∏¢‡∏ö‡πÄ‡∏ô‡∏µ‡∏¢‡∏ô‡∏≠‡∏≠‡∏£‡πà‡∏≤‡∏Å‡∏£‡∏∞‡∏à‡πà‡∏≤‡∏á‡πÉ‡∏™","<p>‡∏à‡∏ö‡∏õ‡∏±‡∏ç‡∏´‡∏≤‡∏Å‡∏±‡∏á‡∏ß‡∏•‡πÄ‡∏£‡∏∑‡πà‡∏≠‡∏á‡∏ú‡∏¥‡∏ß‡∏Ñ‡∏•‡πâ‡∏≥‡πÄ‡∏™‡∏µ‡∏¢‡∏™‡∏∞‡∏™‡∏° ‡∏î‡πâ‡∏ß‡∏¢‡∏û‡∏•‡∏±‡∏á‡∏à‡∏≤‡∏Å‡πÇ‡∏™‡∏°‡∏î‡∏≥‡πÄ‡∏Å‡∏≤‡∏´‡∏•‡∏µ‡∏ó‡∏µ‡πà‡∏à‡∏∞‡πÄ‡∏Ç‡πâ‡∏≤‡πÑ‡∏õ‡∏ä‡πà‡∏ß‡∏¢ ‡∏ö‡∏≥‡∏£‡∏∏‡∏á‡∏ú‡∏¥‡∏ß‡πÅ‡∏•‡∏∞‡∏ú‡∏•‡∏±‡∏î‡πÄ‡∏ã‡∏•‡∏•‡πå‡∏ú‡∏¥‡∏ß‡∏≠‡∏¢‡πà‡∏≤‡∏á‡∏≠‡πà‡∏≠‡∏ô‡πÇ‡∏¢‡∏ô</p>"
1729910246596577493,"‡∏ú‡∏•‡∏¥‡∏ï‡∏†‡∏±‡∏ì‡∏ë‡πå‡πÄ‡∏™‡∏£‡∏¥‡∏°‡∏Ñ‡∏ß‡∏≤‡∏°‡∏á‡∏≤‡∏° (700648)","D plus care Brand (7187839097254446853)","Grab Gluta ‡∏Å‡∏•‡∏π‡∏ï‡πâ‡∏≤‡πÑ‡∏ò‡πÇ‡∏≠‡∏ô‡∏ú‡∏™‡∏°‡∏ß‡∏¥‡∏ï‡∏≤‡∏°‡∏¥‡∏ô C E B3 ‡πÄ‡∏™‡∏£‡∏¥‡∏°‡πÄ‡∏Å‡∏£‡∏≤‡∏∞‡∏õ‡πâ‡∏≠‡∏á‡∏Å‡∏±‡∏ô‡∏ú‡∏¥‡∏ß ‡∏≠‡∏≤‡∏´‡∏≤‡∏£‡πÄ‡∏™‡∏£‡∏¥‡∏°‡πÄ‡∏û‡∏∑‡πà‡∏≠‡∏ú‡∏¥‡∏ß‡∏™‡∏ß‡∏¢","<h2 style=""text-align: left;"">Grab Gluta ‚Äì ‡∏ú‡∏•‡∏¥‡∏ï‡∏†‡∏±‡∏ì‡∏ë‡πå‡πÄ‡∏™‡∏£‡∏¥‡∏°‡∏≠‡∏≤‡∏´‡∏≤‡∏£‡∏à‡∏≤‡∏Å‡∏™‡∏≤‡∏£‡∏™‡∏Å‡∏±‡∏î‡∏ò‡∏£‡∏£‡∏°‡∏ä‡∏≤‡∏ï‡∏¥</h2>"
1733070861178209493,"‡πÄ‡∏ã‡∏£‡∏±‡πà‡∏°‡πÅ‡∏•‡∏∞‡πÄ‡∏≠‡∏™‡πÄ‡∏ã‡∏ô‡∏™‡πå (601619)","D Plus Skin (7197576490450552581)","- D plus skin - ‡∏Ñ‡∏£‡∏µ‡∏°‡∏ã‡∏≠‡∏á Hya ‡πÅ‡∏•‡∏∞ Bifida | promotion ‡∏™‡∏∏‡∏î‡∏û‡∏¥‡πÄ‡∏®‡∏©","<h2 style=""text-align: left;"">‡∏£‡∏≤‡∏¢‡∏•‡∏∞‡πÄ‡∏≠‡∏µ‡∏¢‡∏î‡∏ú‡∏•‡∏¥‡∏ï‡∏†‡∏±‡∏ì‡∏ë‡πå (Description)</h2>"
1730365175672506581,"‡∏ä‡∏∏‡∏î‡∏™‡∏Å‡∏¥‡∏ô‡πÅ‡∏Ñ‡∏£‡πå (601611)","D Plus Skin (7203009476931258117)","D Plus Skin - ‡∏™‡∏ö‡∏π‡πà HYA PLUS ALLANTOIN 1 ‡∏Å‡πâ‡∏≠‡∏ô 80 ‡∏Å‡∏£‡∏±‡∏° Cleansing ‡∏î‡πâ‡∏ß‡∏¢ Allantoin ‡πÅ‡∏•‡∏∞ Hyaluronic Acid ‡∏™‡∏≥‡∏´‡∏£‡∏±‡∏ö‡∏ú‡∏¥‡∏ß‡∏ó‡∏∏‡∏Å‡∏™‡∏†‡∏≤‡∏û ‡∏õ‡∏£‡∏≤‡∏®‡∏à‡∏≤‡∏Å ‡∏û‡∏≤‡∏£‡∏≤‡πÄ‡∏ö‡∏ô ‡πÅ‡∏•‡∏∞‡πÅ‡∏≠‡∏•‡∏Å‡∏≠‡∏Æ‡∏≠‡∏•‡πå","<h3>üå∏ ‡∏™‡∏ö‡∏π‡πà HYA PLUS ALLANTOIN 1 ‡∏Å‡πâ‡∏≠‡∏ô 80 ‡∏Å‡∏£‡∏±‡∏° üå∏</h3>"
1732328455662307541,"‡πÄ‡∏ã‡∏£‡∏±‡πà‡∏°‡πÅ‡∏•‡∏∞‡πÄ‡∏≠‡∏™‡πÄ‡∏ã‡∏ô‡∏™‡πå (601619)","D Plus Skin (7197576490450552581)","(‡πÄ‡∏ã‡πá‡∏ó‡∏ù‡πâ‡∏≤) hya11 3 ‡∏Å‡∏•‡πà‡∏≠‡∏áTranX1 1 ‡∏Å‡∏•‡πà‡∏≠‡∏á","<p><strong>SET HYA11 Serum & Melasma</strong><br>‡πÄ‡∏ã‡πá‡∏ï‡∏ö‡∏≥‡∏£‡∏∏‡∏á‡∏ú‡∏¥‡∏ß‡πÄ‡∏Ç‡πâ‡∏°‡∏Ç‡πâ‡∏ô ‡πÄ‡∏´‡∏°‡∏≤‡∏∞‡∏™‡∏≥‡∏´‡∏£‡∏±‡∏ö‡∏ú‡∏π‡πâ‡∏ó‡∏µ‡πà‡∏ï‡πâ‡∏≠‡∏á‡∏Å‡∏≤‡∏£‡∏î‡∏π‡πÅ‡∏•‡∏ú‡∏¥‡∏ß‡∏≠‡∏¢‡πà‡∏≤‡∏á‡∏à‡∏£‡∏¥‡∏á‡∏à‡∏±‡∏á</p>"
1732728966562219221,"‡πÄ‡∏ã‡∏£‡∏±‡πà‡∏°‡πÅ‡∏•‡∏∞‡πÄ‡∏≠‡∏™‡πÄ‡∏ã‡∏ô‡∏™‡πå (601619)","D Plus Skin (7203009476931258117)","D PLUS SKIN - 9‡∏ä‡∏¥‡πâ‡∏ô ‡πÉ‡∏ä‡πâ‡∏ô‡∏≤‡∏ô60‡∏ß‡∏±‡∏ô ‡∏ä‡∏∏‡∏î‡∏î‡∏π‡πÅ‡∏•‡∏ú‡∏¥‡∏ß‡∏£‡∏∞‡∏î‡∏±‡∏ö‡∏û‡∏£‡∏µ‡πÄ‡∏°‡∏µ‡∏¢‡∏° ‡∏™‡∏≥‡∏´‡∏£‡∏±‡∏ö‡∏ú‡∏π‡πâ‡πÄ‡∏£‡∏¥‡πà‡∏°‡∏ï‡πâ‡∏ô‡∏î‡∏π‡πÅ‡∏•‡∏ú‡∏¥‡∏ß‡πÅ‡∏ö‡∏ö‡∏Ñ‡∏£‡∏ö‡∏Ç‡∏±‡πâ‡∏ô‡∏ï‡∏≠‡∏ô","<h2 style=""text-align: left;"">‡∏£‡∏≤‡∏¢‡∏•‡∏∞‡πÄ‡∏≠‡∏µ‡∏¢‡∏î‡∏ú‡∏•‡∏¥‡∏ï‡∏†‡∏±‡∏ì‡∏ë‡πå (Description)</h2>"